sample_id,text
S-001,"I was frustrated when the plan changed, but I could see why the change was needed. I still think communication could have been better, but I adjusted and found a way to work with it."
S-002,"I do not care how they interpreted it. I know what I meant, and that should be enough."
S-003,"I reacted strongly because I was trying to protect myself, but I can see now that the feedback was not an attack. I can use it without making it mean I am unsafe."
S-004,"Everything is falling apart. I cannot think clearly, and I do not know what I am supposed to do next. It feels like one more thing will break me."
S-005,"I know the situation is not dangerous, but my body still reacts like it is. I can name the pattern, but I have not figured out how to believe the safer version yet."
S-006,"That experience changed me, but it did not erase me. I can see how the old version of me survived the best way she knew how, and I can choose differently now."
S-007,I am tired of trying to make sense of it. Nothing fits. I do not know who I am in this anymore.
S-008,"The data proves they are incompetent, and everyone who disagrees is either lying or too stupid to understand the report."
S-009,"The weather delayed the site visit by one hour. The revised schedule was sent to the group, and the inspection was moved to the afternoon."
S-010,"The meeting was uncomfortable, and I did not love how my idea was challenged. Still, I can see that the questions helped me clarify the weak spots."
S-011,"I trust her, but I also know she will eventually leave. I do not want to push her away, but I keep testing whether she means what she says."
S-012,"I know the data supports my conclusion, but I can also tell I am enjoying being right a little too much. That makes me question whether I am using the facts cleanly."
S-013,Nothing ever works out when I trust people. I should know better by now.
S-014,"I do not care what they think, except I cannot stop replaying every word. It does not matter, but it also feels like it matters too much."
S-015,"The application was submitted on Tuesday. The confirmation email arrived later that afternoon, and the supporting documents were uploaded to the shared folder."
S-016,"I know I am safe, but my body does not believe it. I want to calm down, but part of me is still waiting for something bad to happen."
S-017,"I used to believe that failure meant I was not capable. Now I can see it as information. It still hurts, but it no longer defines me."
S-018,"I want to believe the compliment, but part of me is already collecting reasons it cannot be true."
S-019,"The policy requires the form to be signed before reimbursement can be processed. If the signature is missing, the request must be returned for correction."
S-020,"I am not the same person I was before this, but I can see the thread. I did not lose myself. I revised myself."
S-021,"I can see why they were upset, and I also think they misunderstood part of what I meant. I am not ready to decide whether this is a repair conversation or a boundary conversation."
S-022,"This always happens to me. No matter what I do, people overlook my work. I am just the kind of person no one takes seriously."
S-023,"They were unfair in how they said it, but part of the message may still be true. I do not know yet whether I am rejecting the tone or avoiding the point."
S-024,"They only criticized the project because they do not understand what I was trying to do. I know the work was good, and I am not going to waste time pretending their opinion matters."
S-025,"The meeting started at 9:00 a.m. The report was reviewed by the team. Two formatting errors were identified, and the final version was submitted before noon."
S-026,"She tells herself she is over it, but she still plans every conversation around not being left out again."
S-027,Part of me wants help. Another part thinks needing help means I failed. I cannot tell which part is telling the truth.
S-028,"It is too much. I cannot explain it, fix it, or organize it. I feel like I am disappearing inside the noise."
S-029,"I am proud of myself, but I also feel like a fraud. I know I earned this, but I keep waiting for someone to realize I should not be here."
S-030,"Three files were missing from the packet. The checklist was updated, and the missing files were requested from the program contact."
S-031,"The team reviewed the dashboard and identified three duplicate entries. The duplicate records were removed, and the cleaned file was saved in the archive."
S-032,"I disagree with their conclusion because the data does not support it, but I do agree that the chart labels could be clearer. I can fix that part without accepting the whole criticism."
S-033,"Maybe I could have said it differently, but they caused the problem by overreacting. I am tired of being blamed for other people being too sensitive."
S-034,"Someone like her learns early not to expect much. She keeps showing up, but she already knows the room has made its decision before she walks in."
S-035,"I never get these things right. I have always been bad at this, and there is no point pretending I can change now."
S-036,"I misunderstood her silence as rejection because that is the story I was used to telling myself. Now I can see there were other explanations, and I do not have to keep living from the old one."
S-037,"The feedback was useless. They just wanted to make me look bad, and I do not need to consider advice from people who clearly do not get it."
S-038,"I can understand why I reacted the way I did, and I can also see why it did not help. Both things are true, and that gives me a better place to start."
S-039,I am fine. Completely fine. Nothing says stability like checking the same message forty times and pretending my jaw is not locked.
S-040,"I am not being reactive. They are just wrong. If they had listened in the first place, none of this would be happening."
S-041,"At first I thought the feedback was unfair. After sitting with it, I realized part of it was useful and part of it did not apply. I can take what helps and leave the rest."
S-042,People like me do not get picked for opportunities like that. I already knew how it would end before it started.
S-043,"The criticism means I am failing. I cannot stop thinking about it, and now every message feels like another sign that I am about to lose everything."
S-044,"I cannot process any of this. Every option feels wrong, and every decision feels like a trap. I just want everything to stop."
S-045,"It failed because I always mess up. Even when I try to fix things, I end up proving the same thing about myself."
S-046,"They said I was avoiding the question, but that is ridiculous. I answered what mattered, and the rest was just them trying to trap me."
S-047,"Everyone keeps acting like I should change my approach, but they are missing the point. I already know what happened, and nothing they say changes that."
S-048,"I keep trying to make a plan, but every next step turns into five more problems. I cannot get a clean thought to stay still long enough to use it."
S-049,"I ruin every good thing. That is just who I am. I can try to dress it up, but the pattern never changes."
S-050,"I do not accept the way he spoke to me. Calling me lazy was not feedback, and I can take responsibility for missing the deadline without accepting disrespect."
S-051,"My chest is tight, my thoughts are racing, and I keep jumping from one disaster to the next. I cannot find the thread."
S-052,"I am fine. I mean, probably. I keep saying I am fine because it is easier than explaining why I am not sure what I feel."
S-053,"For a long time I thought needing help meant I had failed. Now I understand that asking for help is part of staying honest with myself, not proof that I am weak."
S-054,"A person like that does not really change. They may learn new words for the pattern, but the pattern stays the same."
S-055,"Some of the criticism was fair, and some of it came from missing context. I can correct the mistake without turning the whole thing into proof that I failed."
S-056,"I thought she was dismissing me, but I may have misread her tone. I want to ask a clearer question before deciding what it meant."
S-057,I was wrong about part of what happened. Admitting that does not mean I was worthless or stupid. It means I have a more accurate story now.
S-058,"I think I handled it well, but maybe I also avoided the hardest part. I am not sure whether that means I was being strategic or just scared."
S-059,"Someone like him does not ask for help easily. Maybe that is wisdom, or maybe it is just fear wearing a better coat."
S-060,"I made the decision because at the time we had limited information. Looking back, I would document the assumptions more clearly, but I do not think the original choice was reckless."
